{
  "Link Color" : {
    "Red Component" : 0.56862745098039214,
    "Color Space" : "sRGB",
    "Blue Component" : 0.8901960784313725,
    "Alpha Component" : 1,
    "Green Component" : 0.84313725490196079
  },
  "Tags" : [

  ],
  "Ansi 12 Color" : {
    "Red Component" : 0.54117647058823526,
    "Color Space" : "sRGB",
    "Blue Component" : 0.95686274509803926,
    "Alpha Component" : 1,
    "Green Component" : 0.67843137254901964
  },
  "Ansi 7 Color" : {
    "Red Component" : 0.72156862745098038,
    "Color Space" : "sRGB",
    "Blue Component" : 0.8784313725490196,
    "Alpha Component" : 1,
    "Green Component" : 0.75294117647058822
  },
  "Ansi 8 Color" : {
    "Red Component" : 0.35686274509803922,
    "Color Space" : "sRGB",
    "Blue Component" : 0.47058823529411764,
    "Alpha Component" : 1,
    "Green Component" : 0.37647058823529411
  },
  "Bold Color" : {
    "Red Component" : 0.792156862745098,
    "Color Space" : "sRGB",
    "Blue Component" : 0.96078431372549022,
    "Alpha Component" : 1,
    "Green Component" : 0.82745098039215681
  },
  "Ansi 9 Color" : {
    "Red Component" : 0.92941176470588238,
    "Color Space" : "sRGB",
    "Blue Component" : 0.58823529411764708,
    "Alpha Component" : 1,
    "Green Component" : 0.52941176470588236
  },
  "Horizontal Spacing" : 1,
  "Right Option Key Sends" : 0,
  "Rows" : 50,
  "Default Bookmark" : "No",
  "Cursor Guide Color" : {
    "Red Component" : 0.792156862745098,
    "Color Space" : "sRGB",
    "Blue Component" : 0.96078431372549022,
    "Alpha Component" : 0.070000000000000007,
    "Green Component" : 0.82745098039215681
  },
  "Non-ASCII Anti Aliased" : true,
  "Use Bright Bold" : true,
  "Ansi 10 Color" : {
    "Red Component" : 0.65098039215686276,
    "Color Space" : "sRGB",
    "Blue Component" : 0.58431372549019611,
    "Alpha Component" : 1,
    "Green Component" : 0.85490196078431369
  },
  "Icon" : 1,
  "Ambiguous Double Width" : false,
  "Jobs to Ignore" : [
    "rlogin",
    "ssh",
    "slogin",
    "telnet"
  ],
  "Ansi 15 Color" : {
    "Red Component" : 0.6470588235294118,
    "Color Space" : "sRGB",
    "Blue Component" : 0.79607843137254897,
    "Alpha Component" : 1,
    "Green Component" : 0.67843137254901964
  },
  "Foreground Color" : {
    "Red Component" : 0.792156862745098,
    "Color Space" : "sRGB",
    "Blue Component" : 0.96078431372549022,
    "Alpha Component" : 1,
    "Green Component" : 0.82745098039215681
  },
  "Bound Hosts" : [

  ],
  "Working Directory" : "\/Users\/tomfleet",
  "Blinking Cursor" : true,
  "Disable Window Resizing" : true,
  "Sync Title" : false,
  "Prompt Before Closing 2" : false,
  "BM Growl" : true,
  "Command" : "",
  "Description" : "Default",
  "Mouse Reporting" : true,
  "Screen" : -1,
  "Selection Color" : {
    "Red Component" : 0.35686274509803922,
    "Color Space" : "sRGB",
    "Blue Component" : 0.47058823529411764,
    "Alpha Component" : 1,
    "Green Component" : 0.37647058823529411
  },
  "Columns" : 140,
  "Idle Code" : 0,
  "Ansi 13 Color" : {
    "Red Component" : 0.96078431372549022,
    "Color Space" : "sRGB",
    "Blue Component" : 0.90196078431372551,
    "Alpha Component" : 1,
    "Green Component" : 0.74117647058823533
  },
  "Custom Command" : "No",
  "ASCII Anti Aliased" : true,
  "Non Ascii Font" : "Monaco 12",
  "Vertical Spacing" : 1,
  "Use Bold Font" : true,
  "Option Key Sends" : 0,
  "Selected Text Color" : {
    "Red Component" : 0.792156862745098,
    "Color Space" : "sRGB",
    "Blue Component" : 0.96078431372549022,
    "Alpha Component" : 1,
    "Green Component" : 0.82745098039215681
  },
  "Background Color" : {
    "Red Component" : 0.14117647058823529,
    "Color Space" : "sRGB",
    "Blue Component" : 0.22745098039215686,
    "Alpha Component" : 1,
    "Green Component" : 0.15294117647058825
  },
  "Character Encoding" : 4,
  "Ansi 11 Color" : {
    "Red Component" : 0.93333333333333335,
    "Color Space" : "sRGB",
    "Blue Component" : 0.62352941176470589,
    "Alpha Component" : 1,
    "Green Component" : 0.83137254901960789
  },
  "Thin Strokes" : 4,
  "Use Italic Font" : true,
  "Unlimited Scrollback" : false,
  "Keyboard Map" : {
    "0xf700-0x260000" : {
      "Text" : "[1;6A",
      "Action" : 10
    },
    "0x37-0x40000" : {
      "Text" : "0x1f",
      "Action" : 11
    },
    "0x32-0x40000" : {
      "Text" : "0x00",
      "Action" : 11
    },
    "0xf709-0x20000" : {
      "Text" : "[17;2~",
      "Action" : 10
    },
    "0xf70c-0x20000" : {
      "Text" : "[20;2~",
      "Action" : 10
    },
    "0xf729-0x20000" : {
      "Text" : "[1;2H",
      "Action" : 10
    },
    "0xf72b-0x40000" : {
      "Text" : "[1;5F",
      "Action" : 10
    },
    "0xf705-0x20000" : {
      "Text" : "[1;2Q",
      "Action" : 10
    },
    "0xf703-0x260000" : {
      "Text" : "[1;6C",
      "Action" : 10
    },
    "0xf700-0x220000" : {
      "Text" : "[1;2A",
      "Action" : 10
    },
    "0xf701-0x280000" : {
      "Text" : "0x1b 0x1b 0x5b 0x42",
      "Action" : 11
    },
    "0x38-0x40000" : {
      "Text" : "0x7f",
      "Action" : 11
    },
    "0x33-0x40000" : {
      "Text" : "0x1b",
      "Action" : 11
    },
    "0xf703-0x220000" : {
      "Text" : "[1;2C",
      "Action" : 10
    },
    "0xf701-0x240000" : {
      "Text" : "[1;5B",
      "Action" : 10
    },
    "0xf70d-0x20000" : {
      "Text" : "[21;2~",
      "Action" : 10
    },
    "0xf702-0x260000" : {
      "Text" : "[1;6D",
      "Action" : 10
    },
    "0xf729-0x40000" : {
      "Text" : "[1;5H",
      "Action" : 10
    },
    "0xf706-0x20000" : {
      "Text" : "[1;2R",
      "Action" : 10
    },
    "0x34-0x40000" : {
      "Text" : "0x1c",
      "Action" : 11
    },
    "0xf700-0x280000" : {
      "Text" : "0x1b 0x1b 0x5b 0x41",
      "Action" : 11
    },
    "0x2d-0x40000" : {
      "Text" : "0x1f",
      "Action" : 11
    },
    "0xf70e-0x20000" : {
      "Text" : "[23;2~",
      "Action" : 10
    },
    "0xf702-0x220000" : {
      "Text" : "[1;2D",
      "Action" : 10
    },
    "0xf703-0x280000" : {
      "Text" : "0x1b 0x1b 0x5b 0x43",
      "Action" : 11
    },
    "0xf700-0x240000" : {
      "Text" : "[1;5A",
      "Action" : 10
    },
    "0xf707-0x20000" : {
      "Text" : "[1;2S",
      "Action" : 10
    },
    "0xf70a-0x20000" : {
      "Text" : "[18;2~",
      "Action" : 10
    },
    "0x35-0x40000" : {
      "Text" : "0x1d",
      "Action" : 11
    },
    "0xf70f-0x20000" : {
      "Text" : "[24;2~",
      "Action" : 10
    },
    "0xf703-0x240000" : {
      "Text" : "[1;5C",
      "Action" : 10
    },
    "0xf701-0x260000" : {
      "Text" : "[1;6B",
      "Action" : 10
    },
    "0xf702-0x280000" : {
      "Text" : "0x1b 0x1b 0x5b 0x44",
      "Action" : 11
    },
    "0xf72b-0x20000" : {
      "Text" : "[1;2F",
      "Action" : 10
    },
    "0x36-0x40000" : {
      "Text" : "0x1e",
      "Action" : 11
    },
    "0xf708-0x20000" : {
      "Text" : "[15;2~",
      "Action" : 10
    },
    "0xf701-0x220000" : {
      "Text" : "[1;2B",
      "Action" : 10
    },
    "0xf70b-0x20000" : {
      "Text" : "[19;2~",
      "Action" : 10
    },
    "0xf702-0x240000" : {
      "Text" : "[1;5D",
      "Action" : 10
    },
    "0xf704-0x20000" : {
      "Text" : "[1;2P",
      "Action" : 10
    }
  },
  "Window Type" : 0,
  "Cursor Type" : 1,
  "Background Image Location" : "",
  "Blur" : false,
  "Badge Color" : {
    "Red Component" : 1,
    "Color Space" : "sRGB",
    "Blue Component" : 0,
    "Alpha Component" : 0.5,
    "Green Component" : 0.14910030364990234
  },
  "Scrollback Lines" : 1000,
  "Send Code When Idle" : false,
  "Close Sessions On End" : true,
  "Terminal Type" : "xterm-256color",
  "Visual Bell" : true,
  "Flashing Bell" : false,
  "Silence Bell" : false,
  "Ansi 14 Color" : {
    "Red Component" : 0.54509803921568623,
    "Color Space" : "sRGB",
    "Blue Component" : 0.792156862745098,
    "Alpha Component" : 1,
    "Green Component" : 0.83529411764705885
  },
  "Name" : "Tom",